{
  "system": {
    "name": "RICK Hive Mind Collective - Autonomous Trading",
    "mode": "FULL_AUTONOMOUS",
    "version": "3.0.0"
  },
  
  "autonomous_trading": {
    "enabled": true,
    "hive_autonomous_enabled": true,
    "manual_approval_required": false,
    "auto_execute_trades": true,
    "closed_loop_learning": true,
    "description": "All trades execute automatically with no manual intervention needed"
  },
  
  "features_enabled": {
    "all_130_features": true,
    "trading_engines": 15,
    "risk_management": 12,
    "ml_ai_systems": 10,
    "monitoring_dashboards": 18,
    "strategies": 15,
    "data_connectors": 12,
    "deployment_tools": 13,
    "ui_interfaces": 8,
    "testing_suites": 12,
    "advanced_features": 15
  },
  
  "hive_mind_collective": {
    "enabled": true,
    "ml_model_1": true,
    "ml_model_2": true,
    "pattern_matcher": true,
    "browser_ai": true,
    "regime_detector": true,
    "voting_system": true,
    "consensus_threshold": 0.65,
    "confidence_level": "high",
    "learning_active": true
  },
  
  "guardian_gates": {
    "enabled": true,
    "risk_check": true,
    "capital_check": true,
    "position_check": true,
    "charter_compliance": true,
    "safety_verifier": true,
    "emergency_brake": true,
    "total_gates": 9
  },
  
  "trading_modes": {
    "current": "PAPER_PRACTICE",
    "available": [
      "PAPER_PRACTICE",
      "PAPER_REAL_TIME",
      "LIVE_REAL_MONEY"
    ]
  },
  
  "brokers": {
    "enabled": true,
    "oanda": true,
    "ibkr": true,
    "coinbase": false,
    "multi_broker_routing": true
  },
  
  "real_time_monitoring": {
    "enabled": true,
    "position_manager_active": true,
    "reassess_interval_seconds": 60,
    "market_regime_detection": true,
    "autonomous_actions": 9,
    "actions": [
      "TAKE_PROFIT",
      "STOP_LOSS",
      "TIGHTEN_STOP",
      "TRAIL_STOP",
      "APPLY_HEDGE",
      "REDUCE_POSITION",
      "ADD_TO_POSITION",
      "EVALUATE_EXIT",
      "HOLD"
    ]
  },
  
  "charts_and_visualization": {
    "streamlit_dashboard": true,
    "dashboard_port": 8501,
    "real_time_charts": true,
    "position_charts": true,
    "pnl_charts": true,
    "regime_visualization": true,
    "hive_analysis_charts": true
  },
  
  "narration_logging": {
    "enabled": true,
    "plain_english": true,
    "real_time_stream": true,
    "log_file": "logs/narration.log",
    "event_types": [
      "SYSTEM_START",
      "SYSTEM_STOP",
      "HIVE_CONSENSUS",
      "GUARDIAN_GATE",
      "TRADE_EXECUTED",
      "POSITION_REASSESS",
      "TRADE_MODIFIED",
      "TRADE_CLOSED",
      "LEARNING_UPDATE",
      "ERROR",
      "STATUS_CHECK",
      "MANUAL_TRADE"
    ]
  },
  
  "gated_logic": {
    "enabled": true,
    "validation_required": true,
    "multi_layer_verification": true,
    "compliance_checks": true,
    "regime_analysis": true,
    "win_probability_calculation": true,
    "confidence_scoring": true
  },
  
  "position_management": {
    "enabled": true,
    "autonomous_monitoring": true,
    "monitoring_interval_seconds": 60,
    "auto_adjust_stops": true,
    "auto_trail_stops": true,
    "auto_reduce_on_profit": true,
    "auto_hedge_on_regime_change": true,
    "max_positions_open": 10,
    "max_risk_per_trade": 2.0
  },
  
  "closed_loop_learning": {
    "enabled": true,
    "ml_models_learning": true,
    "pattern_learning": true,
    "regime_learning": true,
    "outcomes_recorded": true,
    "continuous_improvement": true,
    "models_updated_every_n_trades": 10
  },
  
  "cli_interface": {
    "enabled": true,
    "dropdown_menu": true,
    "dropdown_actions": 8,
    "actions": [
      "START - Initialize system",
      "STOP - Shutdown gracefully",
      "VERIFY STATUS - Check health",
      "MANUAL TRADE - Input custom trades",
      "REASSESS POSITIONS - Check open trades",
      "VIEW NARRATION LOG - Stream real-time events",
      "SETTINGS - Configure parameters",
      "EXIT - Quit CLI"
    ]
  },
  
  "api_configuration": {
    "oanda_api_key": "YOUR_OANDA_API_KEY",
    "oanda_account_id": "YOUR_OANDA_ACCOUNT_ID",
    "ibkr_username": "YOUR_IBKR_USERNAME",
    "coinbase_api_key": "YOUR_COINBASE_API_KEY"
  },
  
  "deployment": {
    "wsl_integration": true,
    "docker_ready": true,
    "automatic_backup": true,
    "rollback_enabled": true,
    "update_manager": true
  },
  
  "system_status": {
    "overall_status": "✅ READY FOR AUTONOMOUS TRADING",
    "all_components_verified": true,
    "hive_mind": "ACTIVE",
    "learning_system": "ACTIVE",
    "position_monitoring": "ACTIVE",
    "narration_logging": "ACTIVE",
    "dashboard": "AVAILABLE",
    "cli_interface": "ACTIVE"
  }
}
