{
  "strategy_performance": {
    "HiveMind": {
      "pnl": 0.0,
      "wins": 0,
      "losses": 0,
      "consecutive_losses": 0
    }
  },
  "strategy_weights": {
    "HiveMind": 1.0
  },
  "order_strategy_map": {
    "89064": "HiveMind",
    "89072": "HiveMind",
    "89078": "HiveMind",
    "89086": "HiveMind",
    "89096": "HiveMind",
    "89100": "HiveMind",
    "89106": "HiveMind",
    "89112": "HiveMind",
    "89130": "HiveMind",
    "89134": "HiveMind",
    "89138": "HiveMind",
    "89140": "HiveMind",
    "89144": "HiveMind",
    "89152": "HiveMind",
    "89156": "HiveMind",
    "89160": "HiveMind",
    "89164": "HiveMind",
    "89168": "HiveMind",
    "89172": "HiveMind",
    "89176": "HiveMind",
    "89180": "HiveMind",
    "89184": "HiveMind",
    "89198": "HiveMind",
    "89204": "HiveMind",
    "89210": "HiveMind",
    "89222": "HiveMind",
    "89232": "HiveMind",
    "89234": "HiveMind",
    "89250": "HiveMind",
    "89256": "HiveMind",
    "89260": "HiveMind",
    "89264": "HiveMind",
    "89270": "HiveMind",
    "89272": "HiveMind",
    "89282": "HiveMind",
    "89288": "HiveMind",
    "89292": "HiveMind",
    "89298": "HiveMind",
    "89302": "HiveMind",
    "89306": "HiveMind",
    "89312": "HiveMind",
    "89320": "HiveMind",
    "89324": "HiveMind",
    "89328": "HiveMind",
    "89332": "HiveMind",
    "89336": "HiveMind",
    "89338": "HiveMind",
    "89342": "HiveMind",
    "89350": "HiveMind",
    "89358": "HiveMind",
    "89364": "HiveMind",
    "89368": "HiveMind",
    "89372": "HiveMind",
    "89376": "HiveMind",
    "89380": "HiveMind",
    "89384": "HiveMind",
    "89388": "HiveMind",
    "89392": "HiveMind",
    "89406": "HiveMind",
    "89416": "HiveMind",
    "89420": "HiveMind",
    "89424": "HiveMind",
    "89428": "HiveMind",
    "89432": "HiveMind",
    "89436": "HiveMind",
    "89442": "HiveMind",
    "89446": "HiveMind",
    "89450": "HiveMind",
    "89454": "HiveMind",
    "89458": "HiveMind",
    "89462": "HiveMind",
    "89470": "HiveMind",
    "89474": "HiveMind",
    "89486": "HiveMind",
    "89490": "HiveMind",
    "89494": "HiveMind",
    "89498": "HiveMind",
    "89504": "HiveMind",
    "89514": "HiveMind",
    "89518": "HiveMind",
    "89526": "HiveMind",
    "89528": "HiveMind",
    "89536": "HiveMind",
    "89540": "HiveMind",
    "89544": "HiveMind",
    "89548": "HiveMind",
    "89552": "HiveMind",
    "89556": "HiveMind",
    "89560": "HiveMind",
    "89564": "HiveMind",
    "89568": "HiveMind",
    "89572": "HiveMind",
    "89576": "HiveMind",
    "89580": "HiveMind",
    "89584": "HiveMind",
    "89588": "HiveMind",
    "89592": "HiveMind",
    "89596": "HiveMind",
    "89600": "HiveMind",
    "89606": "HiveMind",
    "89614": "HiveMind",
    "89618": "HiveMind",
    "89622": "HiveMind",
    "89626": "HiveMind",
    "89630": "HiveMind",
    "89636": "HiveMind",
    "89646": "HiveMind",
    "89650": "HiveMind",
    "89654": "HiveMind",
    "89660": "HiveMind",
    "89664": "HiveMind",
    "89668": "HiveMind",
    "89674": "HiveMind",
    "89678": "HiveMind",
    "89682": "HiveMind",
    "89686": "HiveMind",
    "89690": "HiveMind",
    "89696": "HiveMind",
    "89700": "HiveMind",
    "89704": "HiveMind",
    "89708": "HiveMind",
    "89714": "HiveMind",
    "89722": "HiveMind",
    "89728": "HiveMind",
    "89732": "HiveMind",
    "89746": "HiveMind",
    "89750": "HiveMind",
    "89754": "HiveMind",
    "89758": "HiveMind",
    "89762": "HiveMind",
    "89766": "HiveMind",
    "89770": "HiveMind",
    "89782": "HiveMind",
    "89788": "HiveMind",
    "89794": "HiveMind",
    "89804": "HiveMind",
    "89812": "HiveMind",
    "89816": "HiveMind",
    "89822": "HiveMind",
    "89828": "HiveMind",
    "89834": "HiveMind",
    "89838": "HiveMind",
    "89842": "HiveMind",
    "89846": "HiveMind",
    "89852": "HiveMind",
    "89854": "HiveMind",
    "89858": "HiveMind",
    "89862": "HiveMind",
    "89874": "HiveMind",
    "89878": "HiveMind",
    "89882": "HiveMind",
    "89892": "HiveMind",
    "89898": "HiveMind",
    "89902": "HiveMind",
    "89908": "HiveMind",
    "89916": "HiveMind",
    "89922": "HiveMind",
    "89938": "HiveMind",
    "89942": "HiveMind",
    "89950": "HiveMind",
    "89956": "HiveMind",
    "89960": "HiveMind",
    "89966": "HiveMind",
    "89972": "HiveMind",
    "89976": "HiveMind",
    "89984": "HiveMind",
    "89992": "HiveMind",
    "89996": "HiveMind",
    "90000": "HiveMind",
    "90004": "HiveMind",
    "90008": "HiveMind",
    "90012": "HiveMind",
    "90014": "HiveMind",
    "90022": "HiveMind",
    "90026": "HiveMind",
    "90028": "HiveMind",
    "90036": "HiveMind",
    "90044": "HiveMind",
    "90048": "HiveMind",
    "90052": "HiveMind",
    "90056": "HiveMind",
    "90060": "HiveMind",
    "90064": "HiveMind",
    "90074": "HiveMind",
    "90078": "HiveMind",
    "90082": "HiveMind",
    "90084": "HiveMind",
    "90088": "HiveMind",
    "90096": "HiveMind",
    "90102": "HiveMind",
    "90108": "HiveMind",
    "90114": "HiveMind",
    "90120": "HiveMind",
    "90124": "HiveMind",
    "90136": "HiveMind",
    "90140": "HiveMind",
    "90144": "HiveMind",
    "90150": "HiveMind",
    "90158": "HiveMind",
    "90164": "HiveMind",
    "90168": "HiveMind",
    "90174": "HiveMind",
    "90186": "HiveMind",
    "90194": "HiveMind",
    "90198": "HiveMind",
    "90202": "HiveMind",
    "90204": "HiveMind",
    "90206": "HiveMind",
    "90218": "HiveMind",
    "90220": "HiveMind",
    "90230": "HiveMind",
    "90236": "HiveMind",
    "90242": "HiveMind",
    "90246": "HiveMind",
    "90250": "HiveMind",
    "90254": "HiveMind",
    "90256": "HiveMind",
    "90258": "HiveMind",
    "90270": "HiveMind",
    "90274": "HiveMind",
    "90280": "HiveMind",
    "90284": "HiveMind",
    "90288": "HiveMind",
    "90292": "HiveMind",
    "90296": "HiveMind",
    "90304": "HiveMind",
    "90308": "HiveMind",
    "90312": "HiveMind",
    "90320": "HiveMind",
    "90326": "HiveMind",
    "90330": "HiveMind",
    "90342": "HiveMind",
    "90348": "HiveMind",
    "90352": "HiveMind",
    "90360": "HiveMind",
    "90364": "HiveMind",
    "90368": "HiveMind",
    "90372": "HiveMind",
    "90376": "HiveMind",
    "90380": "HiveMind",
    "90384": "HiveMind",
    "90388": "HiveMind",
    "90400": "HiveMind",
    "90404": "HiveMind",
    "90414": "HiveMind",
    "90418": "HiveMind",
    "90424": "HiveMind",
    "90428": "HiveMind",
    "90432": "HiveMind",
    "90436": "HiveMind",
    "90440": "HiveMind",
    "90444": "HiveMind",
    "90448": "HiveMind",
    "90454": "HiveMind",
    "90462": "HiveMind",
    "90468": "HiveMind",
    "90474": "HiveMind",
    "90478": "HiveMind",
    "90482": "HiveMind",
    "90512": "HiveMind",
    "90524": "HiveMind",
    "90528": "HiveMind",
    "90532": "HiveMind",
    "90536": "HiveMind",
    "90540": "HiveMind",
    "90548": "HiveMind",
    "90552": "HiveMind",
    "90566": "HiveMind",
    "90570": "HiveMind",
    "90574": "HiveMind",
    "90578": "HiveMind",
    "90584": "HiveMind",
    "90588": "HiveMind",
    "90596": "HiveMind",
    "90602": "HiveMind",
    "90610": "HiveMind",
    "90616": "HiveMind",
    "90620": "HiveMind",
    "90626": "HiveMind",
    "90630": "HiveMind",
    "90636": "HiveMind",
    "90640": "HiveMind",
    "90646": "HiveMind",
    "90652": "HiveMind",
    "90660": "HiveMind",
    "90664": "HiveMind",
    "90668": "HiveMind",
    "90672": "HiveMind",
    "90676": "HiveMind",
    "90682": "HiveMind",
    "90690": "HiveMind",
    "90694": "HiveMind",
    "90698": "HiveMind",
    "90702": "HiveMind",
    "90706": "HiveMind",
    "90714": "HiveMind",
    "90716": "HiveMind",
    "90720": "HiveMind",
    "90724": "HiveMind",
    "90732": "HiveMind",
    "90738": "HiveMind",
    "90748": "HiveMind",
    "90752": "HiveMind",
    "90756": "HiveMind",
    "90760": "HiveMind",
    "90772": "HiveMind",
    "90776": "HiveMind",
    "90780": "HiveMind",
    "90784": "HiveMind",
    "90788": "HiveMind",
    "90792": "HiveMind",
    "90796": "HiveMind",
    "90804": "HiveMind",
    "90808": "HiveMind",
    "90812": "HiveMind",
    "90816": "HiveMind",
    "90820": "HiveMind",
    "90824": "HiveMind",
    "90828": "HiveMind",
    "90842": "HiveMind",
    "90848": "HiveMind",
    "90852": "HiveMind",
    "90856": "HiveMind",
    "90862": "HiveMind",
    "90866": "HiveMind",
    "90870": "HiveMind",
    "90874": "HiveMind",
    "90878": "HiveMind",
    "90882": "HiveMind",
    "90886": "HiveMind",
    "90894": "HiveMind",
    "90898": "HiveMind",
    "90902": "HiveMind",
    "90906": "HiveMind",
    "90910": "HiveMind",
    "90912": "HiveMind",
    "90916": "HiveMind",
    "90920": "HiveMind",
    "90926": "HiveMind",
    "90938": "HiveMind",
    "90942": "HiveMind",
    "90948": "HiveMind",
    "90954": "HiveMind",
    "90960": "HiveMind",
    "90966": "HiveMind",
    "90972": "HiveMind",
    "90976": "HiveMind",
    "90980": "HiveMind",
    "90984": "HiveMind",
    "90988": "HiveMind",
    "90994": "HiveMind",
    "91000": "HiveMind",
    "91004": "HiveMind",
    "91008": "HiveMind",
    "91012": "HiveMind",
    "91018": "HiveMind",
    "91026": "HiveMind",
    "91032": "HiveMind",
    "91038": "HiveMind",
    "91044": "HiveMind",
    "91048": "HiveMind",
    "91054": "HiveMind",
    "91058": "HiveMind",
    "91062": "HiveMind",
    "91066": "HiveMind",
    "91072": "HiveMind",
    "91076": "HiveMind",
    "91086": "HiveMind",
    "91092": "HiveMind",
    "91098": "HiveMind",
    "91104": "HiveMind",
    "91110": "HiveMind",
    "91118": "HiveMind",
    "91124": "HiveMind",
    "91134": "HiveMind",
    "91140": "HiveMind",
    "91146": "HiveMind",
    "91152": "HiveMind",
    "91154": "HiveMind",
    "91160": "HiveMind",
    "91172": "HiveMind",
    "91176": "HiveMind",
    "91180": "HiveMind",
    "91184": "HiveMind",
    "91188": "HiveMind",
    "91196": "HiveMind",
    "91200": "HiveMind",
    "91204": "HiveMind",
    "91208": "HiveMind",
    "91218": "HiveMind",
    "91222": "HiveMind",
    "91228": "HiveMind",
    "91232": "HiveMind",
    "91238": "HiveMind",
    "91242": "HiveMind",
    "91248": "HiveMind",
    "91252": "HiveMind",
    "91258": "HiveMind",
    "91268": "HiveMind",
    "91278": "HiveMind",
    "91282": "HiveMind",
    "91286": "HiveMind",
    "91290": "HiveMind",
    "91294": "HiveMind",
    "91300": "HiveMind",
    "91306": "HiveMind",
    "91312": "HiveMind",
    "91316": "HiveMind",
    "91322": "HiveMind",
    "91326": "HiveMind",
    "91332": "HiveMind",
    "91336": "HiveMind",
    "91340": "HiveMind",
    "91344": "HiveMind",
    "91350": "HiveMind",
    "91354": "HiveMind",
    "91360": "HiveMind",
    "91364": "HiveMind",
    "91368": "HiveMind",
    "91372": "HiveMind",
    "91376": "HiveMind",
    "91380": "HiveMind",
    "91386": "HiveMind",
    "91396": "HiveMind",
    "91402": "HiveMind",
    "91406": "HiveMind",
    "91412": "HiveMind",
    "91416": "HiveMind",
    "91422": "HiveMind",
    "91426": "HiveMind",
    "91430": "HiveMind",
    "91432": "HiveMind",
    "91438": "HiveMind",
    "91444": "HiveMind",
    "91448": "HiveMind",
    "91458": "HiveMind",
    "91464": "HiveMind",
    "91470": "HiveMind",
    "91484": "HiveMind",
    "91488": "HiveMind",
    "91494": "HiveMind",
    "91498": "HiveMind",
    "91502": "HiveMind",
    "91506": "HiveMind",
    "91514": "HiveMind",
    "91518": "HiveMind",
    "91524": "HiveMind",
    "91532": "HiveMind",
    "91540": "HiveMind",
    "91544": "HiveMind",
    "91550": "HiveMind",
    "91554": "HiveMind",
    "91562": "HiveMind",
    "91566": "HiveMind",
    "91570": "HiveMind",
    "91574": "HiveMind",
    "91578": "HiveMind",
    "91582": "HiveMind",
    "91586": "HiveMind",
    "91592": "HiveMind",
    "91596": "HiveMind",
    "91600": "HiveMind",
    "91606": "HiveMind",
    "91610": "HiveMind",
    "91616": "HiveMind",
    "91622": "HiveMind",
    "91626": "HiveMind",
    "91638": "HiveMind",
    "91644": "HiveMind",
    "91648": "HiveMind",
    "91656": "HiveMind",
    "91660": "HiveMind",
    "91666": "HiveMind",
    "91674": "HiveMind",
    "91678": "HiveMind",
    "91686": "HiveMind",
    "91692": "HiveMind",
    "91696": "HiveMind",
    "91700": "HiveMind",
    "91704": "HiveMind",
    "91708": "HiveMind",
    "91712": "HiveMind",
    "91718": "HiveMind",
    "91722": "HiveMind",
    "91726": "HiveMind",
    "91732": "HiveMind",
    "91736": "HiveMind",
    "91744": "HiveMind",
    "91748": "HiveMind",
    "91762": "HiveMind",
    "91766": "HiveMind",
    "91770": "HiveMind",
    "91776": "HiveMind",
    "91784": "HiveMind",
    "91788": "HiveMind",
    "91792": "HiveMind",
    "91796": "HiveMind",
    "91800": "HiveMind",
    "91804": "HiveMind",
    "91820": "HiveMind",
    "91826": "HiveMind",
    "91830": "HiveMind",
    "91832": "HiveMind",
    "91838": "HiveMind",
    "91842": "HiveMind",
    "91848": "HiveMind",
    "91852": "HiveMind",
    "91858": "HiveMind",
    "91862": "HiveMind",
    "91866": "HiveMind",
    "91870": "HiveMind",
    "91876": "HiveMind",
    "91886": "HiveMind",
    "91890": "HiveMind",
    "91894": "HiveMind",
    "91896": "HiveMind",
    "91906": "HiveMind",
    "91914": "HiveMind",
    "91916": "HiveMind",
    "91926": "HiveMind",
    "91938": "HiveMind",
    "91942": "HiveMind",
    "91946": "HiveMind",
    "91950": "HiveMind",
    "91954": "HiveMind",
    "91958": "HiveMind",
    "91962": "HiveMind",
    "91966": "HiveMind",
    "91972": "HiveMind",
    "91976": "HiveMind",
    "91982": "HiveMind",
    "91986": "HiveMind",
    "91992": "HiveMind",
    "91996": "HiveMind",
    "92000": "HiveMind",
    "92018": "HiveMind",
    "92022": "HiveMind",
    "92038": "HiveMind",
    "92044": "HiveMind",
    "92050": "HiveMind",
    "92060": "HiveMind",
    "92066": "HiveMind",
    "92074": "HiveMind",
    "92080": "HiveMind",
    "92084": "HiveMind",
    "92088": "HiveMind",
    "92096": "HiveMind",
    "92104": "HiveMind",
    "92110": "HiveMind",
    "92118": "HiveMind",
    "92122": "HiveMind",
    "92130": "HiveMind",
    "92140": "HiveMind",
    "92144": "HiveMind",
    "92148": "HiveMind",
    "92152": "HiveMind",
    "92158": "HiveMind",
    "92162": "HiveMind",
    "92166": "HiveMind",
    "92170": "HiveMind",
    "92176": "HiveMind",
    "92182": "HiveMind",
    "92196": "HiveMind",
    "92200": "HiveMind",
    "92204": "HiveMind",
    "92208": "HiveMind",
    "92212": "HiveMind",
    "92216": "HiveMind",
    "92220": "HiveMind",
    "92228": "HiveMind",
    "92232": "HiveMind",
    "92236": "HiveMind",
    "92242": "HiveMind",
    "92246": "HiveMind",
    "92250": "HiveMind",
    "92254": "HiveMind",
    "92258": "HiveMind",
    "92262": "HiveMind",
    "92266": "HiveMind",
    "92272": "HiveMind",
    "92276": "HiveMind",
    "92280": "HiveMind",
    "92282": "HiveMind",
    "92292": "HiveMind",
    "92296": "HiveMind",
    "92302": "HiveMind",
    "92306": "HiveMind",
    "92310": "HiveMind",
    "92314": "HiveMind",
    "92318": "HiveMind",
    "92322": "HiveMind",
    "92326": "HiveMind",
    "92330": "HiveMind",
    "92338": "HiveMind",
    "92342": "HiveMind",
    "92346": "HiveMind",
    "92354": "HiveMind",
    "92358": "HiveMind",
    "92364": "HiveMind",
    "92368": "HiveMind",
    "92378": "HiveMind",
    "92382": "HiveMind",
    "92386": "HiveMind",
    "92390": "HiveMind",
    "92394": "HiveMind",
    "92404": "HiveMind",
    "92408": "HiveMind",
    "92412": "HiveMind",
    "92416": "HiveMind",
    "92420": "HiveMind",
    "92424": "HiveMind",
    "92428": "HiveMind",
    "92432": "HiveMind",
    "92436": "HiveMind",
    "92440": "HiveMind",
    "92446": "HiveMind",
    "92460": "HiveMind",
    "92464": "HiveMind",
    "92468": "HiveMind",
    "92474": "HiveMind",
    "92478": "HiveMind",
    "92482": "HiveMind",
    "92486": "HiveMind",
    "92490": "HiveMind",
    "92496": "HiveMind",
    "92500": "HiveMind",
    "92504": "HiveMind",
    "92508": "HiveMind",
    "92512": "HiveMind",
    "92520": "HiveMind",
    "92524": "HiveMind",
    "92538": "HiveMind",
    "92542": "HiveMind",
    "92548": "HiveMind",
    "92552": "HiveMind",
    "92560": "HiveMind",
    "92564": "HiveMind",
    "92568": "HiveMind",
    "92574": "HiveMind",
    "92578": "HiveMind",
    "92584": "HiveMind",
    "92588": "HiveMind",
    "92594": "HiveMind",
    "92598": "HiveMind",
    "92602": "HiveMind",
    "92606": "HiveMind",
    "92614": "HiveMind",
    "92618": "HiveMind",
    "92622": "HiveMind",
    "92626": "HiveMind",
    "92632": "HiveMind",
    "92638": "HiveMind",
    "92644": "HiveMind",
    "92650": "HiveMind",
    "92654": "HiveMind",
    "92658": "HiveMind",
    "92664": "HiveMind",
    "92668": "HiveMind",
    "92672": "HiveMind",
    "92678": "HiveMind",
    "92686": "HiveMind",
    "92696": "HiveMind",
    "92700": "HiveMind",
    "92706": "HiveMind",
    "92714": "HiveMind",
    "92718": "HiveMind",
    "92722": "HiveMind",
    "92726": "HiveMind",
    "92730": "HiveMind",
    "92734": "HiveMind",
    "92738": "HiveMind",
    "92742": "HiveMind",
    "92746": "HiveMind",
    "92750": "HiveMind",
    "92754": "HiveMind",
    "92758": "HiveMind",
    "92762": "HiveMind",
    "92766": "HiveMind",
    "92770": "HiveMind",
    "92776": "HiveMind",
    "92780": "HiveMind",
    "92790": "HiveMind",
    "92794": "HiveMind",
    "92800": "HiveMind",
    "92804": "HiveMind",
    "92808": "HiveMind",
    "92812": "HiveMind",
    "92816": "HiveMind",
    "92822": "HiveMind",
    "92826": "HiveMind",
    "92840": "HiveMind",
    "92844": "HiveMind",
    "92848": "HiveMind",
    "92852": "HiveMind",
    "92860": "HiveMind",
    "92868": "HiveMind",
    "92872": "HiveMind",
    "92876": "HiveMind",
    "92880": "HiveMind",
    "92886": "HiveMind",
    "92890": "HiveMind",
    "92894": "HiveMind",
    "92898": "HiveMind",
    "92902": "HiveMind",
    "92906": "HiveMind",
    "92910": "HiveMind",
    "92914": "HiveMind",
    "92918": "HiveMind",
    "92924": "HiveMind",
    "92928": "HiveMind",
    "92932": "HiveMind",
    "92936": "HiveMind",
    "92940": "HiveMind",
    "92944": "HiveMind",
    "92948": "HiveMind",
    "92952": "HiveMind",
    "92956": "HiveMind",
    "92962": "HiveMind",
    "92972": "HiveMind",
    "92976": "HiveMind",
    "92984": "HiveMind",
    "92990": "HiveMind",
    "92992": "HiveMind",
    "93004": "HiveMind",
    "93012": "HiveMind",
    "93016": "HiveMind",
    "93020": "HiveMind",
    "93024": "HiveMind",
    "93028": "HiveMind",
    "93038": "HiveMind",
    "93042": "HiveMind",
    "93048": "HiveMind",
    "93054": "HiveMind",
    "93058": "HiveMind",
    "93062": "HiveMind",
    "93068": "HiveMind",
    "93074": "HiveMind",
    "93080": "HiveMind",
    "93086": "HiveMind",
    "93090": "HiveMind",
    "93096": "HiveMind",
    "93100": "HiveMind",
    "93108": "HiveMind",
    "93114": "HiveMind",
    "93124": "HiveMind",
    "93128": "HiveMind",
    "93132": "HiveMind",
    "93136": "HiveMind",
    "93140": "HiveMind",
    "93144": "HiveMind",
    "93148": "HiveMind",
    "93154": "HiveMind",
    "93158": "HiveMind",
    "93162": "HiveMind",
    "93166": "HiveMind",
    "93170": "HiveMind",
    "93174": "HiveMind",
    "93178": "HiveMind",
    "93182": "HiveMind",
    "93186": "HiveMind",
    "93190": "HiveMind",
    "93194": "HiveMind",
    "93198": "HiveMind",
    "93202": "HiveMind",
    "93206": "HiveMind",
    "93210": "HiveMind",
    "93214": "HiveMind",
    "93218": "HiveMind",
    "93226": "HiveMind",
    "93232": "HiveMind",
    "93236": "HiveMind",
    "93240": "HiveMind",
    "93244": "HiveMind",
    "93250": "HiveMind",
    "93256": "HiveMind",
    "93260": "HiveMind",
    "93264": "HiveMind",
    "93268": "HiveMind",
    "93272": "HiveMind",
    "93276": "HiveMind",
    "93280": "HiveMind",
    "93284": "HiveMind",
    "93290": "HiveMind",
    "93294": "HiveMind",
    "93298": "HiveMind",
    "93304": "HiveMind",
    "93308": "HiveMind",
    "93314": "HiveMind",
    "93318": "HiveMind",
    "93324": "HiveMind",
    "93330": "HiveMind",
    "93338": "HiveMind",
    "93342": "HiveMind",
    "93346": "HiveMind",
    "93352": "HiveMind",
    "93413": "HiveMind",
    "93417": "HiveMind",
    "93419": "HiveMind",
    "93431": "HiveMind",
    "93435": "HiveMind",
    "93443": "HiveMind",
    "93451": "HiveMind",
    "93453": "HiveMind",
    "93461": "HiveMind",
    "93465": "HiveMind",
    "93469": "HiveMind",
    "93475": "HiveMind",
    "93483": "HiveMind",
    "93493": "HiveMind",
    "93497": "HiveMind",
    "93503": "HiveMind",
    "93507": "HiveMind",
    "93511": "HiveMind",
    "93517": "HiveMind",
    "93529": "HiveMind",
    "93533": "HiveMind",
    "93537": "HiveMind",
    "93541": "HiveMind",
    "93545": "HiveMind",
    "93549": "HiveMind",
    "93553": "HiveMind",
    "93557": "HiveMind",
    "93567": "HiveMind",
    "93571": "HiveMind",
    "93579": "HiveMind",
    "93589": "HiveMind",
    "93593": "HiveMind",
    "93597": "HiveMind",
    "93601": "HiveMind",
    "93605": "HiveMind",
    "93609": "HiveMind",
    "93613": "HiveMind",
    "93617": "HiveMind",
    "93623": "HiveMind",
    "93627": "HiveMind",
    "93631": "HiveMind",
    "93635": "HiveMind",
    "93637": "HiveMind",
    "93641": "HiveMind",
    "93645": "HiveMind",
    "93653": "HiveMind",
    "93657": "HiveMind",
    "93661": "HiveMind",
    "93667": "HiveMind",
    "93671": "HiveMind",
    "93675": "HiveMind",
    "93679": "HiveMind",
    "93683": "HiveMind",
    "93687": "HiveMind",
    "93691": "HiveMind",
    "93695": "HiveMind",
    "93699": "HiveMind",
    "93709": "HiveMind",
    "93719": "HiveMind",
    "93727": "HiveMind",
    "93733": "HiveMind",
    "93743": "HiveMind",
    "93751": "HiveMind",
    "93759": "HiveMind",
    "93771": "HiveMind",
    "93775": "HiveMind",
    "93781": "HiveMind",
    "93785": "HiveMind",
    "93789": "HiveMind",
    "93793": "HiveMind",
    "93797": "HiveMind",
    "93801": "HiveMind",
    "93807": "HiveMind",
    "93813": "HiveMind",
    "93817": "HiveMind",
    "93823": "HiveMind",
    "93827": "HiveMind",
    "93831": "HiveMind",
    "93835": "HiveMind",
    "93841": "HiveMind",
    "93849": "HiveMind",
    "93857": "HiveMind",
    "93861": "HiveMind",
    "93867": "HiveMind",
    "93871": "HiveMind",
    "93875": "HiveMind",
    "93879": "HiveMind",
    "93883": "HiveMind",
    "93887": "HiveMind",
    "93891": "HiveMind",
    "93897": "HiveMind",
    "93903": "HiveMind",
    "93911": "HiveMind",
    "93915": "HiveMind",
    "93919": "HiveMind",
    "93923": "HiveMind",
    "93929": "HiveMind",
    "93935": "HiveMind",
    "93939": "HiveMind",
    "93945": "HiveMind",
    "93949": "HiveMind",
    "93957": "HiveMind",
    "93961": "HiveMind",
    "93965": "HiveMind",
    "93967": "HiveMind",
    "93975": "HiveMind",
    "93979": "HiveMind",
    "93983": "HiveMind",
    "93987": "HiveMind",
    "93995": "HiveMind",
    "93999": "HiveMind",
    "94003": "HiveMind",
    "94007": "HiveMind",
    "94019": "HiveMind",
    "94023": "HiveMind",
    "94027": "HiveMind",
    "94037": "HiveMind",
    "94041": "HiveMind",
    "94045": "HiveMind",
    "94053": "HiveMind",
    "94059": "HiveMind",
    "94069": "HiveMind",
    "94073": "HiveMind",
    "94077": "HiveMind",
    "94081": "HiveMind",
    "94087": "HiveMind",
    "94095": "HiveMind",
    "94099": "HiveMind",
    "94103": "HiveMind",
    "94109": "HiveMind",
    "94115": "HiveMind",
    "94117": "HiveMind",
    "94121": "HiveMind",
    "94125": "HiveMind",
    "94135": "HiveMind",
    "94139": "HiveMind",
    "94143": "HiveMind",
    "94145": "HiveMind",
    "94149": "HiveMind",
    "94159": "HiveMind",
    "94163": "HiveMind",
    "94167": "HiveMind",
    "94171": "HiveMind",
    "94175": "HiveMind",
    "94179": "HiveMind",
    "94183": "HiveMind",
    "94189": "HiveMind",
    "94193": "HiveMind",
    "94201": "HiveMind",
    "94209": "HiveMind",
    "94219": "HiveMind",
    "94223": "HiveMind",
    "94229": "HiveMind",
    "94235": "HiveMind",
    "94243": "HiveMind",
    "94251": "HiveMind",
    "94255": "HiveMind",
    "94259": "HiveMind",
    "94267": "HiveMind",
    "94271": "HiveMind",
    "94277": "HiveMind",
    "94281": "HiveMind",
    "94285": "HiveMind",
    "94289": "HiveMind",
    "94293": "HiveMind",
    "94299": "HiveMind",
    "94301": "HiveMind",
    "94307": "HiveMind",
    "94321": "HiveMind",
    "94327": "HiveMind",
    "94331": "HiveMind",
    "94337": "HiveMind",
    "94343": "HiveMind",
    "94347": "HiveMind",
    "94351": "HiveMind",
    "94355": "HiveMind",
    "94359": "HiveMind",
    "94365": "HiveMind",
    "94371": "HiveMind",
    "94375": "HiveMind",
    "94381": "HiveMind",
    "94385": "HiveMind",
    "94393": "HiveMind",
    "94399": "HiveMind",
    "94403": "HiveMind",
    "94407": "HiveMind",
    "94415": "HiveMind",
    "94419": "HiveMind",
    "94423": "HiveMind",
    "94427": "HiveMind",
    "94431": "HiveMind",
    "94437": "HiveMind",
    "94441": "HiveMind",
    "94445": "HiveMind",
    "94449": "HiveMind",
    "94453": "HiveMind",
    "94461": "HiveMind",
    "94469": "HiveMind",
    "94473": "HiveMind",
    "94477": "HiveMind",
    "94483": "HiveMind",
    "94487": "HiveMind",
    "94491": "HiveMind",
    "94495": "HiveMind",
    "94503": "HiveMind",
    "94509": "HiveMind",
    "94515": "HiveMind",
    "94521": "HiveMind",
    "94525": "HiveMind",
    "94529": "HiveMind",
    "94533": "HiveMind",
    "94537": "HiveMind",
    "94543": "HiveMind",
    "94547": "HiveMind",
    "94551": "HiveMind",
    "94559": "HiveMind",
    "94563": "HiveMind",
    "94567": "HiveMind",
    "94577": "HiveMind",
    "94581": "HiveMind",
    "94585": "HiveMind",
    "94589": "HiveMind",
    "94593": "HiveMind",
    "94597": "HiveMind",
    "94601": "HiveMind",
    "94609": "HiveMind",
    "94619": "HiveMind",
    "94623": "HiveMind",
    "94631": "HiveMind",
    "94643": "HiveMind",
    "94649": "HiveMind",
    "94653": "HiveMind",
    "94659": "HiveMind",
    "94663": "HiveMind",
    "94667": "HiveMind",
    "94671": "HiveMind",
    "94675": "HiveMind",
    "94679": "HiveMind",
    "94693": "HiveMind",
    "94699": "HiveMind",
    "94703": "HiveMind",
    "94709": "HiveMind",
    "94713": "HiveMind",
    "94717": "HiveMind",
    "94721": "HiveMind",
    "94737": "HiveMind",
    "94741": "HiveMind",
    "94747": "HiveMind",
    "94755": "HiveMind",
    "94759": "HiveMind",
    "94763": "HiveMind",
    "94767": "HiveMind",
    "94775": "HiveMind",
    "94779": "HiveMind",
    "94793": "HiveMind",
    "94797": "HiveMind",
    "94801": "HiveMind",
    "94807": "HiveMind",
    "94811": "HiveMind",
    "94815": "HiveMind",
    "94821": "HiveMind",
    "94825": "HiveMind",
    "94831": "HiveMind",
    "94843": "HiveMind",
    "94847": "HiveMind",
    "94857": "HiveMind",
    "94861": "HiveMind",
    "94865": "HiveMind",
    "94869": "HiveMind",
    "94873": "HiveMind",
    "94877": "HiveMind",
    "94883": "HiveMind",
    "94889": "HiveMind",
    "94893": "HiveMind",
    "94897": "HiveMind",
    "94901": "HiveMind",
    "94907": "HiveMind",
    "94911": "HiveMind",
    "94915": "HiveMind",
    "94921": "HiveMind",
    "94927": "HiveMind",
    "94933": "HiveMind",
    "94937": "HiveMind",
    "94945": "HiveMind",
    "94949": "HiveMind",
    "94957": "HiveMind",
    "94965": "HiveMind",
    "94969": "HiveMind",
    "94973": "HiveMind",
    "94977": "HiveMind",
    "94989": "HiveMind",
    "94993": "HiveMind",
    "95011": "HiveMind",
    "95019": "HiveMind",
    "95023": "HiveMind",
    "95027": "HiveMind",
    "95033": "HiveMind",
    "95039": "HiveMind",
    "95045": "HiveMind",
    "95057": "HiveMind",
    "95061": "HiveMind",
    "95065": "HiveMind",
    "95069": "HiveMind",
    "95073": "HiveMind",
    "95077": "HiveMind",
    "95083": "HiveMind",
    "95087": "HiveMind",
    "95095": "HiveMind",
    "95103": "HiveMind",
    "95109": "HiveMind",
    "95115": "HiveMind",
    "95119": "HiveMind",
    "95127": "HiveMind",
    "95131": "HiveMind",
    "95135": "HiveMind",
    "95139": "HiveMind",
    "95143": "HiveMind",
    "95147": "HiveMind",
    "95153": "HiveMind",
    "95161": "HiveMind",
    "95165": "HiveMind",
    "95167": "HiveMind",
    "95171": "HiveMind",
    "95185": "HiveMind",
    "95189": "HiveMind",
    "95193": "HiveMind",
    "95197": "HiveMind",
    "95205": "HiveMind",
    "95211": "HiveMind",
    "95215": "HiveMind",
    "95227": "HiveMind",
    "95231": "HiveMind",
    "95235": "HiveMind",
    "95239": "HiveMind",
    "95243": "HiveMind",
    "95247": "HiveMind",
    "95251": "HiveMind",
    "95257": "HiveMind",
    "95267": "HiveMind",
    "95271": "HiveMind",
    "95275": "HiveMind",
    "95279": "HiveMind",
    "95283": "HiveMind",
    "95287": "HiveMind",
    "95295": "HiveMind",
    "95305": "HiveMind",
    "95309": "HiveMind",
    "95313": "HiveMind",
    "95317": "HiveMind",
    "95321": "HiveMind",
    "95327": "HiveMind",
    "95331": "HiveMind",
    "95335": "HiveMind",
    "95339": "HiveMind",
    "95343": "HiveMind",
    "95347": "HiveMind",
    "95351": "HiveMind",
    "95359": "HiveMind",
    "95363": "HiveMind",
    "95367": "HiveMind",
    "95377": "HiveMind",
    "95381": "HiveMind",
    "95385": "HiveMind",
    "95389": "HiveMind",
    "95399": "HiveMind",
    "95403": "HiveMind",
    "95411": "HiveMind",
    "95415": "HiveMind",
    "95421": "HiveMind",
    "95427": "HiveMind",
    "95433": "HiveMind",
    "95437": "HiveMind",
    "95441": "HiveMind",
    "95445": "HiveMind",
    "95449": "HiveMind",
    "95453": "HiveMind",
    "95459": "HiveMind",
    "95463": "HiveMind",
    "95467": "HiveMind",
    "95471": "HiveMind",
    "95475": "HiveMind",
    "95479": "HiveMind",
    "95483": "HiveMind",
    "95487": "HiveMind",
    "95493": "HiveMind",
    "95497": "HiveMind",
    "95501": "HiveMind",
    "95507": "HiveMind",
    "95511": "HiveMind",
    "95515": "HiveMind",
    "95521": "HiveMind",
    "95525": "HiveMind",
    "95529": "HiveMind",
    "95533": "HiveMind",
    "95535": "HiveMind",
    "95545": "HiveMind",
    "95555": "HiveMind",
    "95559": "HiveMind",
    "95563": "HiveMind",
    "95567": "HiveMind",
    "95575": "HiveMind",
    "95579": "HiveMind",
    "95583": "HiveMind",
    "95587": "HiveMind",
    "95603": "HiveMind",
    "95613": "HiveMind",
    "95617": "HiveMind",
    "95623": "HiveMind",
    "95627": "HiveMind",
    "95633": "HiveMind",
    "95641": "HiveMind",
    "95645": "HiveMind",
    "95649": "HiveMind",
    "95653": "HiveMind",
    "95657": "HiveMind",
    "95661": "HiveMind",
    "95665": "HiveMind",
    "95671": "HiveMind",
    "95677": "HiveMind",
    "95681": "HiveMind",
    "95685": "HiveMind",
    "95689": "HiveMind",
    "95691": "HiveMind",
    "95693": "HiveMind",
    "95697": "HiveMind",
    "95709": "HiveMind",
    "95715": "HiveMind",
    "95719": "HiveMind",
    "95725": "HiveMind",
    "95735": "HiveMind",
    "95739": "HiveMind",
    "95745": "HiveMind",
    "95751": "HiveMind",
    "95757": "HiveMind",
    "95761": "HiveMind",
    "95767": "HiveMind",
    "95771": "HiveMind",
    "95777": "HiveMind",
    "95783": "HiveMind",
    "95787": "HiveMind",
    "95793": "HiveMind",
    "95803": "HiveMind",
    "95807": "HiveMind",
    "95811": "HiveMind",
    "95817": "HiveMind",
    "95825": "HiveMind",
    "95829": "HiveMind",
    "95833": "HiveMind",
    "95839": "HiveMind",
    "95843": "HiveMind",
    "95849": "HiveMind",
    "95857": "HiveMind",
    "95863": "HiveMind",
    "95867": "HiveMind",
    "95871": "HiveMind",
    "95875": "HiveMind",
    "95879": "HiveMind",
    "95883": "HiveMind",
    "95887": "HiveMind",
    "95891": "HiveMind",
    "95895": "HiveMind",
    "95899": "HiveMind",
    "95903": "HiveMind",
    "95907": "HiveMind",
    "95911": "HiveMind",
    "95915": "HiveMind",
    "95921": "HiveMind",
    "95925": "HiveMind",
    "95933": "HiveMind",
    "95937": "HiveMind",
    "95941": "HiveMind",
    "95947": "HiveMind",
    "95955": "HiveMind",
    "95959": "HiveMind",
    "95963": "HiveMind",
    "95969": "HiveMind",
    "95973": "HiveMind",
    "95977": "HiveMind",
    "95981": "HiveMind",
    "95985": "HiveMind",
    "95989": "HiveMind",
    "95995": "HiveMind",
    "96001": "HiveMind",
    "96007": "HiveMind",
    "96011": "HiveMind",
    "96019": "HiveMind",
    "96023": "HiveMind",
    "96027": "HiveMind",
    "96031": "HiveMind",
    "96037": "HiveMind",
    "96041": "HiveMind",
    "96051": "HiveMind",
    "96055": "HiveMind",
    "96061": "HiveMind",
    "96065": "HiveMind",
    "96073": "HiveMind",
    "96077": "HiveMind",
    "96083": "HiveMind",
    "96091": "HiveMind",
    "96099": "HiveMind",
    "96107": "HiveMind",
    "96111": "HiveMind",
    "96113": "HiveMind",
    "96117": "HiveMind",
    "96125": "HiveMind",
    "96129": "HiveMind",
    "96131": "HiveMind",
    "96137": "HiveMind",
    "96141": "HiveMind",
    "96145": "HiveMind",
    "96151": "HiveMind",
    "96157": "HiveMind",
    "96161": "HiveMind",
    "96169": "HiveMind",
    "96173": "HiveMind",
    "96177": "HiveMind",
    "96181": "HiveMind",
    "96185": "HiveMind",
    "96189": "HiveMind",
    "96195": "HiveMind",
    "96199": "HiveMind",
    "96203": "HiveMind",
    "96209": "HiveMind",
    "96213": "HiveMind",
    "96217": "HiveMind",
    "96221": "HiveMind",
    "96225": "HiveMind",
    "96229": "HiveMind",
    "96239": "HiveMind",
    "96241": "HiveMind",
    "96253": "HiveMind",
    "96257": "HiveMind",
    "96261": "HiveMind",
    "96273": "HiveMind",
    "96277": "HiveMind",
    "96283": "HiveMind",
    "96287": "HiveMind",
    "96291": "HiveMind",
    "96295": "HiveMind",
    "96299": "HiveMind",
    "96303": "HiveMind",
    "96309": "HiveMind",
    "96321": "HiveMind",
    "96325": "HiveMind",
    "96329": "HiveMind",
    "96333": "HiveMind",
    "96337": "HiveMind",
    "96341": "HiveMind",
    "96345": "HiveMind",
    "96349": "HiveMind",
    "96355": "HiveMind",
    "96359": "HiveMind",
    "96363": "HiveMind",
    "96367": "HiveMind",
    "96371": "HiveMind",
    "96375": "HiveMind",
    "96379": "HiveMind",
    "96383": "HiveMind",
    "96387": "HiveMind",
    "96391": "HiveMind",
    "96401": "HiveMind",
    "96405": "HiveMind",
    "96409": "HiveMind",
    "96415": "HiveMind",
    "96419": "HiveMind",
    "96423": "HiveMind",
    "96429": "HiveMind",
    "96433": "HiveMind",
    "96439": "HiveMind",
    "96445": "HiveMind",
    "96449": "HiveMind",
    "96453": "HiveMind",
    "96457": "HiveMind",
    "96461": "HiveMind",
    "96465": "HiveMind",
    "96469": "HiveMind",
    "96473": "HiveMind",
    "96477": "HiveMind",
    "96481": "HiveMind",
    "96485": "HiveMind",
    "96491": "HiveMind",
    "96493": "HiveMind",
    "96501": "HiveMind",
    "96509": "HiveMind",
    "96517": "HiveMind",
    "96523": "HiveMind",
    "96525": "HiveMind",
    "96529": "HiveMind",
    "96533": "HiveMind",
    "96541": "HiveMind",
    "96545": "HiveMind",
    "96549": "HiveMind",
    "96553": "HiveMind",
    "96557": "HiveMind",
    "96561": "HiveMind",
    "96567": "HiveMind",
    "96571": "HiveMind",
    "96575": "HiveMind",
    "96579": "HiveMind",
    "96585": "HiveMind",
    "96589": "HiveMind",
    "96595": "HiveMind",
    "96597": "HiveMind",
    "96603": "HiveMind",
    "96607": "HiveMind",
    "96613": "HiveMind",
    "96617": "HiveMind",
    "96621": "HiveMind",
    "96625": "HiveMind",
    "96629": "HiveMind",
    "96633": "HiveMind",
    "96637": "HiveMind",
    "96643": "HiveMind",
    "96657": "HiveMind",
    "96661": "HiveMind",
    "96665": "HiveMind",
    "96669": "HiveMind",
    "96673": "HiveMind",
    "96683": "HiveMind",
    "96689": "HiveMind",
    "96695": "HiveMind",
    "96698": "HiveMind",
    "96702": "HiveMind",
    "96704": "HiveMind",
    "96712": "HiveMind",
    "96716": "HiveMind",
    "96720": "HiveMind",
    "96724": "HiveMind",
    "96726": "HiveMind",
    "96732": "HiveMind",
    "96737": "HiveMind",
    "96741": "HiveMind",
    "96747": "HiveMind",
    "96751": "HiveMind",
    "96761": "HiveMind",
    "96765": "HiveMind",
    "96769": "HiveMind",
    "96773": "HiveMind",
    "96775": "HiveMind",
    "96783": "HiveMind",
    "96787": "HiveMind",
    "96791": "HiveMind",
    "96795": "HiveMind",
    "96799": "HiveMind",
    "96805": "HiveMind",
    "96811": "HiveMind",
    "96815": "HiveMind",
    "96825": "HiveMind",
    "96829": "HiveMind",
    "96837": "HiveMind",
    "96841": "HiveMind",
    "96845": "HiveMind",
    "96851": "HiveMind",
    "96857": "HiveMind",
    "96874": "HiveMind",
    "96878": "HiveMind"
  },
  "strategy_params": {}
}