{
    "LiquiditySweepWolf": {
        "params": {
            "wick_multiplier": 1.0,
            "limit_size": 1,
            "sharpe": 0.0
        },
        "metrics": {
            "win_rate": 0.3055555555555556,
            "pnl": -0.0069750000000001755,
            "trades": 36
        },
        "validation": {
            "wfe_ratio": 0.0,
            "avg_train_annualized_return": 0.0,
            "avg_test_annualized_return": 0.0,
            "num_windows": 5,
            "windows": [
                {
                    "start": 0,
                    "train_pnl": 0,
                    "test_pnl": 0,
                    "best_params": {
                        "wick_multiplier": 1.0,
                        "limit_size": 1
                    },
                    "train_ann": 0.0,
                    "test_ann": 0.0
                },
                {
                    "start": 100,
                    "train_pnl": 0,
                    "test_pnl": 0,
                    "best_params": {
                        "wick_multiplier": 1.0,
                        "limit_size": 1
                    },
                    "train_ann": 0.0,
                    "test_ann": 0.0
                },
                {
                    "start": 200,
                    "train_pnl": 0,
                    "test_pnl": 0,
                    "best_params": {
                        "wick_multiplier": 1.0,
                        "limit_size": 1
                    },
                    "train_ann": 0.0,
                    "test_ann": 0.0
                },
                {
                    "start": 300,
                    "train_pnl": 0,
                    "test_pnl": 0,
                    "best_params": {
                        "wick_multiplier": 1.0,
                        "limit_size": 1
                    },
                    "train_ann": 0.0,
                    "test_ann": 0.0
                },
                {
                    "start": 400,
                    "train_pnl": 0,
                    "test_pnl": 0,
                    "best_params": {
                        "wick_multiplier": 1.0,
                        "limit_size": 1
                    },
                    "train_ann": 0.0,
                    "test_ann": 0.0
                }
            ],
            "is_stable": false
        }
    },
    "EMAScalperWolf": {
        "params": {
            "fast": 10,
            "slow": 40,
            "risk_reward": 1.5,
            "sharpe": 0.0
        },
        "metrics": {
            "win_rate": 0.3684210526315789,
            "pnl": 0.002415000000001166,
            "trades": 19
        },
        "validation": {
            "wfe_ratio": -0.08070755937100692,
            "avg_train_annualized_return": 0.23936532288577433,
            "avg_test_annualized_return": -0.019318591008163872,
            "num_windows": 5,
            "windows": [
                {
                    "start": 0,
                    "train_pnl": 39.825728308700775,
                    "test_pnl": 0,
                    "best_params": {
                        "fast": 50,
                        "slow": 40,
                        "risk_reward": 1.5
                    },
                    "train_ann": 0.279098703987375,
                    "test_ann": 0.0
                },
                {
                    "start": 100,
                    "train_pnl": 48.196656567015154,
                    "test_pnl": 0,
                    "best_params": {
                        "fast": 50,
                        "slow": 80,
                        "risk_reward": 1.5
                    },
                    "train_ann": 0.33776216922164215,
                    "test_ann": 0.0
                },
                {
                    "start": 200,
                    "train_pnl": 22.70462763120425,
                    "test_pnl": 0,
                    "best_params": {
                        "fast": 50,
                        "slow": 80,
                        "risk_reward": 1.5
                    },
                    "train_ann": 0.1591140304394794,
                    "test_ann": 0.0
                },
                {
                    "start": 300,
                    "train_pnl": 13.638502681945898,
                    "test_pnl": 0,
                    "best_params": {
                        "fast": 50,
                        "slow": 40,
                        "risk_reward": 2.0
                    },
                    "train_ann": 0.09557862679507685,
                    "test_ann": 0.0
                },
                {
                    "start": 400,
                    "train_pnl": 46.414538239911295,
                    "test_pnl": -2.7566482602973563,
                    "best_params": {
                        "fast": 20,
                        "slow": 40,
                        "risk_reward": 1.5
                    },
                    "train_ann": 0.3252730839852983,
                    "test_ann": -0.09659295504081936
                }
            ],
            "is_stable": false
        }
    },
    "SupplyDemandWolf": {
        "params": {
            "lookback": 10,
            "sl_mult": 1.0,
            "sharpe": 0.0
        },
        "metrics": {
            "win_rate": 0,
            "pnl": 0,
            "trades": 0
        },
        "validation": {
            "wfe_ratio": 0.0,
            "avg_train_annualized_return": 0.0,
            "avg_test_annualized_return": 0.0,
            "num_windows": 5,
            "windows": [
                {
                    "start": 0,
                    "train_pnl": 0,
                    "test_pnl": 0,
                    "best_params": {
                        "lookback": 10,
                        "sl_mult": 1.0
                    },
                    "train_ann": 0.0,
                    "test_ann": 0.0
                },
                {
                    "start": 100,
                    "train_pnl": 0,
                    "test_pnl": 0,
                    "best_params": {
                        "lookback": 10,
                        "sl_mult": 1.0
                    },
                    "train_ann": 0.0,
                    "test_ann": 0.0
                },
                {
                    "start": 200,
                    "train_pnl": 0,
                    "test_pnl": 0,
                    "best_params": {
                        "lookback": 10,
                        "sl_mult": 1.0
                    },
                    "train_ann": 0.0,
                    "test_ann": 0.0
                },
                {
                    "start": 300,
                    "train_pnl": 0,
                    "test_pnl": 0,
                    "best_params": {
                        "lookback": 10,
                        "sl_mult": 1.0
                    },
                    "train_ann": 0.0,
                    "test_ann": 0.0
                },
                {
                    "start": 400,
                    "train_pnl": 0,
                    "test_pnl": 0,
                    "best_params": {
                        "lookback": 10,
                        "sl_mult": 1.0
                    },
                    "train_ann": 0.0,
                    "test_ann": 0.0
                }
            ],
            "is_stable": false
        }
    },
    "MultiTFConfluenceWolf": {
        "params": {
            "htf_weight": 0.5,
            "pullback": 0.01,
            "sharpe": 0.0
        },
        "metrics": {
            "win_rate": 0,
            "pnl": 0,
            "trades": 0
        },
        "validation": {
            "wfe_ratio": 0.0,
            "avg_train_annualized_return": 0.0,
            "avg_test_annualized_return": 0.0,
            "num_windows": 5,
            "windows": [
                {
                    "start": 0,
                    "train_pnl": 0,
                    "test_pnl": 0,
                    "best_params": {
                        "htf_weight": 0.5,
                        "pullback": 0.01
                    },
                    "train_ann": 0.0,
                    "test_ann": 0.0
                },
                {
                    "start": 100,
                    "train_pnl": 0,
                    "test_pnl": 0,
                    "best_params": {
                        "htf_weight": 0.5,
                        "pullback": 0.01
                    },
                    "train_ann": 0.0,
                    "test_ann": 0.0
                },
                {
                    "start": 200,
                    "train_pnl": 0,
                    "test_pnl": 0,
                    "best_params": {
                        "htf_weight": 0.5,
                        "pullback": 0.01
                    },
                    "train_ann": 0.0,
                    "test_ann": 0.0
                },
                {
                    "start": 300,
                    "train_pnl": 0,
                    "test_pnl": 0,
                    "best_params": {
                        "htf_weight": 0.5,
                        "pullback": 0.01
                    },
                    "train_ann": 0.0,
                    "test_ann": 0.0
                },
                {
                    "start": 400,
                    "train_pnl": 0,
                    "test_pnl": 0,
                    "best_params": {
                        "htf_weight": 0.5,
                        "pullback": 0.01
                    },
                    "train_ann": 0.0,
                    "test_ann": 0.0
                }
            ],
            "is_stable": false
        }
    },
    "SupplyDemandMultiTapWolf": {
        "params": {
            "taps": 2,
            "sharpe": 0.0
        },
        "metrics": {
            "win_rate": 0,
            "pnl": 0,
            "trades": 0
        },
        "validation": {
            "wfe_ratio": 0.0,
            "avg_train_annualized_return": 0.0,
            "avg_test_annualized_return": 0.0,
            "num_windows": 5,
            "windows": [
                {
                    "start": 0,
                    "train_pnl": 0,
                    "test_pnl": 0,
                    "best_params": {
                        "taps": 2
                    },
                    "train_ann": 0.0,
                    "test_ann": 0.0
                },
                {
                    "start": 100,
                    "train_pnl": 0,
                    "test_pnl": 0,
                    "best_params": {
                        "taps": 2
                    },
                    "train_ann": 0.0,
                    "test_ann": 0.0
                },
                {
                    "start": 200,
                    "train_pnl": 0,
                    "test_pnl": 0,
                    "best_params": {
                        "taps": 2
                    },
                    "train_ann": 0.0,
                    "test_ann": 0.0
                },
                {
                    "start": 300,
                    "train_pnl": 0,
                    "test_pnl": 0,
                    "best_params": {
                        "taps": 2
                    },
                    "train_ann": 0.0,
                    "test_ann": 0.0
                },
                {
                    "start": 400,
                    "train_pnl": 0,
                    "test_pnl": 0,
                    "best_params": {
                        "taps": 2
                    },
                    "train_ann": 0.0,
                    "test_ann": 0.0
                }
            ],
            "is_stable": false
        }
    },
    "ChartPatternBreakWolf": {
        "params": {
            "min_volume_mult": 1.2,
            "sharpe": 0.0
        },
        "metrics": {
            "win_rate": 0,
            "pnl": 0,
            "trades": 0
        },
        "validation": {
            "wfe_ratio": 0.0,
            "avg_train_annualized_return": 0.0,
            "avg_test_annualized_return": 0.0,
            "num_windows": 5,
            "windows": [
                {
                    "start": 0,
                    "train_pnl": 0,
                    "test_pnl": 0,
                    "best_params": {
                        "min_volume_mult": 1.2
                    },
                    "train_ann": 0.0,
                    "test_ann": 0.0
                },
                {
                    "start": 100,
                    "train_pnl": 0,
                    "test_pnl": 0,
                    "best_params": {
                        "min_volume_mult": 1.2
                    },
                    "train_ann": 0.0,
                    "test_ann": 0.0
                },
                {
                    "start": 200,
                    "train_pnl": 0,
                    "test_pnl": 0,
                    "best_params": {
                        "min_volume_mult": 1.2
                    },
                    "train_ann": 0.0,
                    "test_ann": 0.0
                },
                {
                    "start": 300,
                    "train_pnl": 0,
                    "test_pnl": 0,
                    "best_params": {
                        "min_volume_mult": 1.2
                    },
                    "train_ann": 0.0,
                    "test_ann": 0.0
                },
                {
                    "start": 400,
                    "train_pnl": 0,
                    "test_pnl": 0,
                    "best_params": {
                        "min_volume_mult": 1.2
                    },
                    "train_ann": 0.0,
                    "test_ann": 0.0
                }
            ],
            "is_stable": false
        }
    },
    "RangeMidlineBounceWolf": {
        "params": {
            "adx_threshold": 20,
            "sharpe": 0.0
        },
        "metrics": {
            "win_rate": 0,
            "pnl": 0,
            "trades": 0
        },
        "validation": {
            "wfe_ratio": 0.0,
            "avg_train_annualized_return": 0.0,
            "avg_test_annualized_return": 0.0,
            "num_windows": 5,
            "windows": [
                {
                    "start": 0,
                    "train_pnl": 0,
                    "test_pnl": 0,
                    "best_params": {
                        "adx_threshold": 20
                    },
                    "train_ann": 0.0,
                    "test_ann": 0.0
                },
                {
                    "start": 100,
                    "train_pnl": 0,
                    "test_pnl": 0,
                    "best_params": {
                        "adx_threshold": 20
                    },
                    "train_ann": 0.0,
                    "test_ann": 0.0
                },
                {
                    "start": 200,
                    "train_pnl": 0,
                    "test_pnl": 0,
                    "best_params": {
                        "adx_threshold": 20
                    },
                    "train_ann": 0.0,
                    "test_ann": 0.0
                },
                {
                    "start": 300,
                    "train_pnl": 0,
                    "test_pnl": 0,
                    "best_params": {
                        "adx_threshold": 20
                    },
                    "train_ann": 0.0,
                    "test_ann": 0.0
                },
                {
                    "start": 400,
                    "train_pnl": 0,
                    "test_pnl": 0,
                    "best_params": {
                        "adx_threshold": 20
                    },
                    "train_ann": 0.0,
                    "test_ann": 0.0
                }
            ],
            "is_stable": false
        }
    },
    "LongWickReversalWolf": {
        "params": {
            "body_mult": 1.5,
            "sharpe": 0.0
        },
        "metrics": {
            "win_rate": 0.26229508196721313,
            "pnl": -0.010785000000002043,
            "trades": 61
        },
        "validation": {
            "wfe_ratio": 0.0,
            "avg_train_annualized_return": 0.0,
            "avg_test_annualized_return": 0.0,
            "num_windows": 5,
            "windows": [
                {
                    "start": 0,
                    "train_pnl": 0,
                    "test_pnl": 0,
                    "best_params": {
                        "body_mult": 1.5
                    },
                    "train_ann": 0.0,
                    "test_ann": 0.0
                },
                {
                    "start": 100,
                    "train_pnl": 0,
                    "test_pnl": 0,
                    "best_params": {
                        "body_mult": 1.5
                    },
                    "train_ann": 0.0,
                    "test_ann": 0.0
                },
                {
                    "start": 200,
                    "train_pnl": 0,
                    "test_pnl": 0,
                    "best_params": {
                        "body_mult": 1.5
                    },
                    "train_ann": 0.0,
                    "test_ann": 0.0
                },
                {
                    "start": 300,
                    "train_pnl": 0,
                    "test_pnl": 0,
                    "best_params": {
                        "body_mult": 1.5
                    },
                    "train_ann": 0.0,
                    "test_ann": 0.0
                },
                {
                    "start": 400,
                    "train_pnl": 0,
                    "test_pnl": 0,
                    "best_params": {
                        "body_mult": 1.5
                    },
                    "train_ann": 0.0,
                    "test_ann": 0.0
                }
            ],
            "is_stable": false
        }
    },
    "MomentumShiftWolf": {
        "params": {
            "lookback": 5,
            "sharpe": 0.0
        },
        "metrics": {
            "win_rate": 0,
            "pnl": 0,
            "trades": 0
        },
        "validation": {
            "wfe_ratio": 0.0,
            "avg_train_annualized_return": 0.0,
            "avg_test_annualized_return": 0.0,
            "num_windows": 5,
            "windows": [
                {
                    "start": 0,
                    "train_pnl": 0,
                    "test_pnl": 0,
                    "best_params": {
                        "lookback": 5
                    },
                    "train_ann": 0.0,
                    "test_ann": 0.0
                },
                {
                    "start": 100,
                    "train_pnl": 0,
                    "test_pnl": 0,
                    "best_params": {
                        "lookback": 5
                    },
                    "train_ann": 0.0,
                    "test_ann": 0.0
                },
                {
                    "start": 200,
                    "train_pnl": 0,
                    "test_pnl": 0,
                    "best_params": {
                        "lookback": 5
                    },
                    "train_ann": 0.0,
                    "test_ann": 0.0
                },
                {
                    "start": 300,
                    "train_pnl": 0,
                    "test_pnl": 0,
                    "best_params": {
                        "lookback": 5
                    },
                    "train_ann": 0.0,
                    "test_ann": 0.0
                },
                {
                    "start": 400,
                    "train_pnl": 0,
                    "test_pnl": 0,
                    "best_params": {
                        "lookback": 5
                    },
                    "train_ann": 0.0,
                    "test_ann": 0.0
                }
            ],
            "is_stable": false
        }
    },
    "CCIDivergenceWolf": {
        "params": {
            "cci_window": 14,
            "sensitivity": 0.015,
            "sharpe": 0.0
        },
        "metrics": {
            "win_rate": 0,
            "pnl": 0,
            "trades": 0
        },
        "validation": {
            "wfe_ratio": -1.2662148458966282,
            "avg_train_annualized_return": 0.17909569651447493,
            "avg_test_annualized_return": -0.2267736297628252,
            "num_windows": 5,
            "windows": [
                {
                    "start": 0,
                    "train_pnl": 26.52143717252592,
                    "test_pnl": 22.492726039254958,
                    "best_params": {
                        "cci_window": 14,
                        "sensitivity": 0.015
                    },
                    "train_ann": 0.18586223170506164,
                    "test_ann": 0.7881451204154937
                },
                {
                    "start": 100,
                    "train_pnl": 53.939408635757324,
                    "test_pnl": -24.822807745769328,
                    "best_params": {
                        "cci_window": 14,
                        "sensitivity": 0.015
                    },
                    "train_ann": 0.3780073757193873,
                    "test_ann": -0.8697911834117572
                },
                {
                    "start": 200,
                    "train_pnl": 15.332329761722814,
                    "test_pnl": 2.8132748369878247,
                    "best_params": {
                        "cci_window": 14,
                        "sensitivity": 0.015
                    },
                    "train_ann": 0.10744896697015348,
                    "test_ann": 0.09857715028805338
                },
                {
                    "start": 300,
                    "train_pnl": 44.53382740501802,
                    "test_pnl": -3.1432038568379057,
                    "best_params": {
                        "cci_window": 14,
                        "sensitivity": 0.015
                    },
                    "train_ann": 0.31209306245436624,
                    "test_ann": -0.1101378631436002
                },
                {
                    "start": 400,
                    "train_pnl": -12.547539137641854,
                    "test_pnl": -29.699240095956505,
                    "best_params": {
                        "cci_window": 14,
                        "sensitivity": 0.015
                    },
                    "train_ann": -0.08793315427659411,
                    "test_ann": -1.0406613729623158
                }
            ],
            "is_stable": false
        }
    }
}