{
    "LiquiditySweepWolf": {
        "params": {
            "wick_multiplier": 1.0,
            "limit_size": 1
        },
        "metrics": {
            "win_rate": 0.32432432432432434,
            "pnl": -0.005985000000000351,
            "trades": 37
        },
        "validation": {
            "wfe_ratio": 0.0,
            "avg_train_annualized_return": 0.0,
            "avg_test_annualized_return": 0.0,
            "num_windows": 5,
            "windows": [
                {
                    "start": 0,
                    "train_pnl": 0,
                    "test_pnl": 0,
                    "best_params": {
                        "wick_multiplier": 1.0,
                        "limit_size": 1
                    },
                    "train_ann": 0.0,
                    "test_ann": 0.0
                },
                {
                    "start": 100,
                    "train_pnl": 0,
                    "test_pnl": 0,
                    "best_params": {
                        "wick_multiplier": 1.0,
                        "limit_size": 1
                    },
                    "train_ann": 0.0,
                    "test_ann": 0.0
                },
                {
                    "start": 200,
                    "train_pnl": 0,
                    "test_pnl": 0,
                    "best_params": {
                        "wick_multiplier": 1.0,
                        "limit_size": 1
                    },
                    "train_ann": 0.0,
                    "test_ann": 0.0
                },
                {
                    "start": 300,
                    "train_pnl": 0,
                    "test_pnl": 0,
                    "best_params": {
                        "wick_multiplier": 1.0,
                        "limit_size": 1
                    },
                    "train_ann": 0.0,
                    "test_ann": 0.0
                },
                {
                    "start": 400,
                    "train_pnl": 0,
                    "test_pnl": 0,
                    "best_params": {
                        "wick_multiplier": 1.0,
                        "limit_size": 1
                    },
                    "train_ann": 0.0,
                    "test_ann": 0.0
                }
            ],
            "is_stable": false
        }
    },
    "EMAScalperWolf": {
        "params": {
            "fast": 10,
            "slow": 40,
            "risk_reward": 1.5
        },
        "metrics": {
            "win_rate": 0.3684210526315789,
            "pnl": 0.002415000000001166,
            "trades": 19
        },
        "validation": {
            "wfe_ratio": -0.0977297167977605,
            "avg_train_annualized_return": 0.33975160660688014,
            "avg_test_annualized_return": -0.03320382829527453,
            "num_windows": 5,
            "windows": [
                {
                    "start": 0,
                    "train_pnl": 52.21270020522343,
                    "test_pnl": 0,
                    "best_params": {
                        "fast": 50,
                        "slow": 40,
                        "risk_reward": 2.0
                    },
                    "train_ann": 0.36590660303820577,
                    "test_ann": 0.0
                },
                {
                    "start": 100,
                    "train_pnl": 52.502133966008756,
                    "test_pnl": 0,
                    "best_params": {
                        "fast": 50,
                        "slow": 40,
                        "risk_reward": 2.0
                    },
                    "train_ann": 0.36793495483378935,
                    "test_ann": 0.0
                },
                {
                    "start": 200,
                    "train_pnl": 27.48513873546566,
                    "test_pnl": 0,
                    "best_params": {
                        "fast": 50,
                        "slow": 40,
                        "risk_reward": 2.0
                    },
                    "train_ann": 0.19261585225814334,
                    "test_ann": 0.0
                },
                {
                    "start": 300,
                    "train_pnl": 67.84329126871006,
                    "test_pnl": 0,
                    "best_params": {
                        "fast": 50,
                        "slow": 40,
                        "risk_reward": 2.0
                    },
                    "train_ann": 0.47544578521112013,
                    "test_ann": 0.0
                },
                {
                    "start": 400,
                    "train_pnl": 42.359423186806794,
                    "test_pnl": -4.7379891973850645,
                    "best_params": {
                        "fast": 20,
                        "slow": 40,
                        "risk_reward": 1.5
                    },
                    "train_ann": 0.296854837693142,
                    "test_ann": -0.16601914147637264
                }
            ],
            "is_stable": false
        }
    },
    "SupplyDemandWolf": {
        "params": {
            "lookback": 10,
            "sl_mult": 1.0
        },
        "metrics": {
            "win_rate": 0,
            "pnl": 0,
            "trades": 0
        },
        "validation": {
            "wfe_ratio": 0.0,
            "avg_train_annualized_return": 0.0,
            "avg_test_annualized_return": 0.0,
            "num_windows": 5,
            "windows": [
                {
                    "start": 0,
                    "train_pnl": 0,
                    "test_pnl": 0,
                    "best_params": {
                        "lookback": 10,
                        "sl_mult": 1.0
                    },
                    "train_ann": 0.0,
                    "test_ann": 0.0
                },
                {
                    "start": 100,
                    "train_pnl": 0,
                    "test_pnl": 0,
                    "best_params": {
                        "lookback": 10,
                        "sl_mult": 1.0
                    },
                    "train_ann": 0.0,
                    "test_ann": 0.0
                },
                {
                    "start": 200,
                    "train_pnl": 0,
                    "test_pnl": 0,
                    "best_params": {
                        "lookback": 10,
                        "sl_mult": 1.0
                    },
                    "train_ann": 0.0,
                    "test_ann": 0.0
                },
                {
                    "start": 300,
                    "train_pnl": 0,
                    "test_pnl": 0,
                    "best_params": {
                        "lookback": 10,
                        "sl_mult": 1.0
                    },
                    "train_ann": 0.0,
                    "test_ann": 0.0
                },
                {
                    "start": 400,
                    "train_pnl": 0,
                    "test_pnl": 0,
                    "best_params": {
                        "lookback": 10,
                        "sl_mult": 1.0
                    },
                    "train_ann": 0.0,
                    "test_ann": 0.0
                }
            ],
            "is_stable": false
        }
    },
    "MultiTFConfluenceWolf": {
        "params": {
            "htf_weight": 0.5,
            "pullback": 0.01
        },
        "metrics": {
            "win_rate": 0,
            "pnl": 0,
            "trades": 0
        },
        "validation": {
            "wfe_ratio": 0.0,
            "avg_train_annualized_return": 0.0,
            "avg_test_annualized_return": 0.0,
            "num_windows": 5,
            "windows": [
                {
                    "start": 0,
                    "train_pnl": 0,
                    "test_pnl": 0,
                    "best_params": {
                        "htf_weight": 0.5,
                        "pullback": 0.01
                    },
                    "train_ann": 0.0,
                    "test_ann": 0.0
                },
                {
                    "start": 100,
                    "train_pnl": 0,
                    "test_pnl": 0,
                    "best_params": {
                        "htf_weight": 0.5,
                        "pullback": 0.01
                    },
                    "train_ann": 0.0,
                    "test_ann": 0.0
                },
                {
                    "start": 200,
                    "train_pnl": 0,
                    "test_pnl": 0,
                    "best_params": {
                        "htf_weight": 0.5,
                        "pullback": 0.01
                    },
                    "train_ann": 0.0,
                    "test_ann": 0.0
                },
                {
                    "start": 300,
                    "train_pnl": 0,
                    "test_pnl": 0,
                    "best_params": {
                        "htf_weight": 0.5,
                        "pullback": 0.01
                    },
                    "train_ann": 0.0,
                    "test_ann": 0.0
                },
                {
                    "start": 400,
                    "train_pnl": 0,
                    "test_pnl": 0,
                    "best_params": {
                        "htf_weight": 0.5,
                        "pullback": 0.01
                    },
                    "train_ann": 0.0,
                    "test_ann": 0.0
                }
            ],
            "is_stable": false
        }
    },
    "SupplyDemandMultiTapWolf": {
        "params": {
            "taps": 2
        },
        "metrics": {
            "win_rate": 0,
            "pnl": 0,
            "trades": 0
        },
        "validation": {
            "wfe_ratio": 0.0,
            "avg_train_annualized_return": 0.0,
            "avg_test_annualized_return": 0.0,
            "num_windows": 5,
            "windows": [
                {
                    "start": 0,
                    "train_pnl": 0,
                    "test_pnl": 0,
                    "best_params": {
                        "taps": 2
                    },
                    "train_ann": 0.0,
                    "test_ann": 0.0
                },
                {
                    "start": 100,
                    "train_pnl": 0,
                    "test_pnl": 0,
                    "best_params": {
                        "taps": 2
                    },
                    "train_ann": 0.0,
                    "test_ann": 0.0
                },
                {
                    "start": 200,
                    "train_pnl": 0,
                    "test_pnl": 0,
                    "best_params": {
                        "taps": 2
                    },
                    "train_ann": 0.0,
                    "test_ann": 0.0
                },
                {
                    "start": 300,
                    "train_pnl": 0,
                    "test_pnl": 0,
                    "best_params": {
                        "taps": 2
                    },
                    "train_ann": 0.0,
                    "test_ann": 0.0
                },
                {
                    "start": 400,
                    "train_pnl": 0,
                    "test_pnl": 0,
                    "best_params": {
                        "taps": 2
                    },
                    "train_ann": 0.0,
                    "test_ann": 0.0
                }
            ],
            "is_stable": false
        }
    },
    "ChartPatternBreakWolf": {
        "params": {
            "min_volume_mult": 1.2
        },
        "metrics": {
            "win_rate": 0,
            "pnl": 0,
            "trades": 0
        },
        "validation": {
            "wfe_ratio": 0.0,
            "avg_train_annualized_return": 0.0,
            "avg_test_annualized_return": 0.0,
            "num_windows": 5,
            "windows": [
                {
                    "start": 0,
                    "train_pnl": 0,
                    "test_pnl": 0,
                    "best_params": {
                        "min_volume_mult": 1.2
                    },
                    "train_ann": 0.0,
                    "test_ann": 0.0
                },
                {
                    "start": 100,
                    "train_pnl": 0,
                    "test_pnl": 0,
                    "best_params": {
                        "min_volume_mult": 1.2
                    },
                    "train_ann": 0.0,
                    "test_ann": 0.0
                },
                {
                    "start": 200,
                    "train_pnl": 0,
                    "test_pnl": 0,
                    "best_params": {
                        "min_volume_mult": 1.2
                    },
                    "train_ann": 0.0,
                    "test_ann": 0.0
                },
                {
                    "start": 300,
                    "train_pnl": 0,
                    "test_pnl": 0,
                    "best_params": {
                        "min_volume_mult": 1.2
                    },
                    "train_ann": 0.0,
                    "test_ann": 0.0
                },
                {
                    "start": 400,
                    "train_pnl": 0,
                    "test_pnl": 0,
                    "best_params": {
                        "min_volume_mult": 1.2
                    },
                    "train_ann": 0.0,
                    "test_ann": 0.0
                }
            ],
            "is_stable": false
        }
    },
    "RangeMidlineBounceWolf": {
        "params": {
            "adx_threshold": 20
        },
        "metrics": {
            "win_rate": 0,
            "pnl": 0,
            "trades": 0
        },
        "validation": {
            "wfe_ratio": 0.0,
            "avg_train_annualized_return": 0.0,
            "avg_test_annualized_return": 0.0,
            "num_windows": 5,
            "windows": [
                {
                    "start": 0,
                    "train_pnl": 0,
                    "test_pnl": 0,
                    "best_params": {
                        "adx_threshold": 20
                    },
                    "train_ann": 0.0,
                    "test_ann": 0.0
                },
                {
                    "start": 100,
                    "train_pnl": 0,
                    "test_pnl": 0,
                    "best_params": {
                        "adx_threshold": 20
                    },
                    "train_ann": 0.0,
                    "test_ann": 0.0
                },
                {
                    "start": 200,
                    "train_pnl": 0,
                    "test_pnl": 0,
                    "best_params": {
                        "adx_threshold": 20
                    },
                    "train_ann": 0.0,
                    "test_ann": 0.0
                },
                {
                    "start": 300,
                    "train_pnl": 0,
                    "test_pnl": 0,
                    "best_params": {
                        "adx_threshold": 20
                    },
                    "train_ann": 0.0,
                    "test_ann": 0.0
                },
                {
                    "start": 400,
                    "train_pnl": 0,
                    "test_pnl": 0,
                    "best_params": {
                        "adx_threshold": 20
                    },
                    "train_ann": 0.0,
                    "test_ann": 0.0
                }
            ],
            "is_stable": false
        }
    },
    "LongWickReversalWolf": {
        "params": {
            "body_mult": 1.5
        },
        "metrics": {
            "win_rate": 0.25806451612903225,
            "pnl": -0.01135500000000178,
            "trades": 62
        },
        "validation": {
            "wfe_ratio": 0.0,
            "avg_train_annualized_return": 0.0,
            "avg_test_annualized_return": 0.0,
            "num_windows": 5,
            "windows": [
                {
                    "start": 0,
                    "train_pnl": 0,
                    "test_pnl": 0,
                    "best_params": {
                        "body_mult": 1.5
                    },
                    "train_ann": 0.0,
                    "test_ann": 0.0
                },
                {
                    "start": 100,
                    "train_pnl": 0,
                    "test_pnl": 0,
                    "best_params": {
                        "body_mult": 1.5
                    },
                    "train_ann": 0.0,
                    "test_ann": 0.0
                },
                {
                    "start": 200,
                    "train_pnl": 0,
                    "test_pnl": 0,
                    "best_params": {
                        "body_mult": 1.5
                    },
                    "train_ann": 0.0,
                    "test_ann": 0.0
                },
                {
                    "start": 300,
                    "train_pnl": 0,
                    "test_pnl": 0,
                    "best_params": {
                        "body_mult": 1.5
                    },
                    "train_ann": 0.0,
                    "test_ann": 0.0
                },
                {
                    "start": 400,
                    "train_pnl": 0,
                    "test_pnl": 0,
                    "best_params": {
                        "body_mult": 1.5
                    },
                    "train_ann": 0.0,
                    "test_ann": 0.0
                }
            ],
            "is_stable": false
        }
    },
    "MomentumShiftWolf": {
        "params": {
            "lookback": 5
        },
        "metrics": {
            "win_rate": 0,
            "pnl": 0,
            "trades": 0
        },
        "validation": {
            "wfe_ratio": 0.0,
            "avg_train_annualized_return": 0.0,
            "avg_test_annualized_return": 0.0,
            "num_windows": 5,
            "windows": [
                {
                    "start": 0,
                    "train_pnl": 0,
                    "test_pnl": 0,
                    "best_params": {
                        "lookback": 5
                    },
                    "train_ann": 0.0,
                    "test_ann": 0.0
                },
                {
                    "start": 100,
                    "train_pnl": 0,
                    "test_pnl": 0,
                    "best_params": {
                        "lookback": 5
                    },
                    "train_ann": 0.0,
                    "test_ann": 0.0
                },
                {
                    "start": 200,
                    "train_pnl": 0,
                    "test_pnl": 0,
                    "best_params": {
                        "lookback": 5
                    },
                    "train_ann": 0.0,
                    "test_ann": 0.0
                },
                {
                    "start": 300,
                    "train_pnl": 0,
                    "test_pnl": 0,
                    "best_params": {
                        "lookback": 5
                    },
                    "train_ann": 0.0,
                    "test_ann": 0.0
                },
                {
                    "start": 400,
                    "train_pnl": 0,
                    "test_pnl": 0,
                    "best_params": {
                        "lookback": 5
                    },
                    "train_ann": 0.0,
                    "test_ann": 0.0
                }
            ],
            "is_stable": false
        }
    },
    "CCIDivergenceWolf": {
        "params": {
            "cci_window": 14,
            "sensitivity": 0.015
        },
        "metrics": {
            "win_rate": 0,
            "pnl": 0,
            "trades": 0
        },
        "validation": {
            "wfe_ratio": -0.38962476094418563,
            "avg_train_annualized_return": 0.16315231840925248,
            "avg_test_annualized_return": -0.06356818305769465,
            "num_windows": 5,
            "windows": [
                {
                    "start": 0,
                    "train_pnl": 15.10051002192657,
                    "test_pnl": 36.042119957337015,
                    "best_params": {
                        "cci_window": 14,
                        "sensitivity": 0.015
                    },
                    "train_ann": 0.1058243742336614,
                    "test_ann": 1.2629158833050889
                },
                {
                    "start": 100,
                    "train_pnl": 52.81137705087326,
                    "test_pnl": -28.131321205591718,
                    "best_params": {
                        "cci_window": 14,
                        "sensitivity": 0.015
                    },
                    "train_ann": 0.3701021303725198,
                    "test_ann": -0.9857214950439338
                },
                {
                    "start": 200,
                    "train_pnl": 10.725813382697483,
                    "test_pnl": -8.595512338521818,
                    "best_params": {
                        "cci_window": 14,
                        "sensitivity": 0.015
                    },
                    "train_ann": 0.07516650018594397,
                    "test_ann": -0.3011867523418045
                },
                {
                    "start": 300,
                    "train_pnl": 51.10112679046894,
                    "test_pnl": 17.28634283813305,
                    "best_params": {
                        "cci_window": 14,
                        "sensitivity": 0.015
                    },
                    "train_ann": 0.35811669654760636,
                    "test_ann": 0.605713453048182
                },
                {
                    "start": 400,
                    "train_pnl": -13.334490481374024,
                    "test_pnl": -25.67243162831067,
                    "best_params": {
                        "cci_window": 14,
                        "sensitivity": 0.015
                    },
                    "train_ann": -0.09344810929346917,
                    "test_ann": -0.8995620042560059
                }
            ],
            "is_stable": false
        }
    }
}